project,option,vendor_raw,vendor_normalized,trade,source_type,source_path,locator,file_ext,file_size_bytes,status,notes,pdf_proof_bucket
Kite - Sierra Trading Lakewood,unknown,0 Lakewood Towne Center Sierra Trading Invitation To,0 Lakewood Towne Center Sierra Trading Invitation To,unknown,bid_pdf,/Volumes/TCL_DATA 1TB/TCL Partners Dropbox/TCL Partners Dropbox/TCL_Server/_Estimates/Kite - Sierra Trading Lakewood/Sierra Trading Company/0 - Lakewood Towne Center - Sierra Trading - Invitation To Bid.pdf,TBD,.pdf,84991,unparsed,Sierra Trading Company/0 - Lakewood Towne Center - Sierra Trading - Invitation To Bid.pdf,NON_QUOTE
Kite - Sierra Trading Lakewood,unknown,1 Lakewood Towne Center Sierra Trading General Contractor Form Part A,1 Lakewood Towne Center Sierra Trading General Contractor Form Part A,unknown,bid_pdf,/Volumes/TCL_DATA 1TB/TCL Partners Dropbox/TCL Partners Dropbox/TCL_Server/_Estimates/Kite - Sierra Trading Lakewood/Sierra Trading Company/1 -  Lakewood Towne Center - Sierra Trading - General Contractor Bid Form Part A.pdf,TBD,.pdf,778420,unparsed,Sierra Trading Company/1 -  Lakewood Towne Center - Sierra Trading - General Contractor Bid Form Part A.pdf,NON_QUOTE
Kite - Sierra Trading Lakewood,unknown,1 Lakewood Towne Center Sierra Trading General Contractor Form Part A (Revised),1 Lakewood Towne Center Sierra Trading General Contractor Form Part A (Revised),unknown,bid_pdf,/Volumes/TCL_DATA 1TB/TCL Partners Dropbox/TCL Partners Dropbox/TCL_Server/_Estimates/Kite - Sierra Trading Lakewood/Bid Package/1 -  Lakewood Towne Center - Sierra Trading - General Contractor Bid Form Part A (Revised).pdf,TBD,.pdf,778803,unparsed,Bid Package/1 -  Lakewood Towne Center - Sierra Trading - General Contractor Bid Form Part A (Revised).pdf,NON_QUOTE
Kite - Sierra Trading Lakewood,unknown,2025 11 19 Lakewood Towne Center Sierra Trading Clarifications to Bidders 1,2025 11 19 Lakewood Towne Center Sierra Trading Clarifications to Bidders 1,unknown,bid_pdf,/Volumes/TCL_DATA 1TB/TCL Partners Dropbox/TCL Partners Dropbox/TCL_Server/_Estimates/Kite - Sierra Trading Lakewood/2025-11-19 - Lakewood Towne Center - Sierra Trading - Clarifications to Bidders 1.pdf,TBD,.pdf,131674,unparsed,2025-11-19 - Lakewood Towne Center - Sierra Trading - Clarifications to Bidders 1.pdf,NON_QUOTE
Kite - Sierra Trading Lakewood,unknown,3 Lakewood Towne Center Sierra Trading KRG Stipulated Sum Contract Template,3 Lakewood Towne Center Sierra Trading KRG Stipulated Sum Contract Template,unknown,bid_pdf,/Volumes/TCL_DATA 1TB/TCL Partners Dropbox/TCL Partners Dropbox/TCL_Server/_Estimates/Kite - Sierra Trading Lakewood/Sierra Trading Company/3 - Lakewood Towne Center - Sierra Trading - KRG Stipulated Sum Contract Template.pdf,TBD,.pdf,442214,unparsed,Sierra Trading Company/3 - Lakewood Towne Center - Sierra Trading - KRG Stipulated Sum Contract Template.pdf,NON_QUOTE
Kite - Sierra Trading Lakewood,unknown,4 Lakewood Towne Center Sierra Trading Construction Rules and Regulations,4 Lakewood Towne Center Sierra Trading Construction Rules and Regulations,unknown,bid_pdf,/Volumes/TCL_DATA 1TB/TCL Partners Dropbox/TCL Partners Dropbox/TCL_Server/_Estimates/Kite - Sierra Trading Lakewood/Email to Subs/4 - Lakewood Towne Center - Sierra Trading - Construction Rules and Regulations.pdf,TBD,.pdf,73550,unparsed,Email to Subs/4 - Lakewood Towne Center - Sierra Trading - Construction Rules and Regulations.pdf,NON_QUOTE
Kite - Sierra Trading Lakewood,unknown,4 Lakewood Towne Center Sierra Trading Construction Rules and Regulations,4 Lakewood Towne Center Sierra Trading Construction Rules and Regulations,unknown,bid_pdf,/Volumes/TCL_DATA 1TB/TCL Partners Dropbox/TCL Partners Dropbox/TCL_Server/_Estimates/Kite - Sierra Trading Lakewood/Sierra Trading Company/4 - Lakewood Towne Center - Sierra Trading - Construction Rules and Regulations.pdf,TBD,.pdf,73550,unparsed,Sierra Trading Company/4 - Lakewood Towne Center - Sierra Trading - Construction Rules and Regulations.pdf,NON_QUOTE
Kite - Sierra Trading Lakewood,unknown,5 Lakewood Towne Center Sierra Trading KRG RFI Form Bidding Phase,5 Lakewood Towne Center Sierra Trading KRG RFI Form Bidding Phase,unknown,bid_pdf,/Volumes/TCL_DATA 1TB/TCL Partners Dropbox/TCL Partners Dropbox/TCL_Server/_Estimates/Kite - Sierra Trading Lakewood/Email to Subs/5 -  Lakewood Towne Center - Sierra Trading - KRG RFI Form Bidding Phase.pdf,TBD,.pdf,68535,unparsed,Email to Subs/5 -  Lakewood Towne Center - Sierra Trading - KRG RFI Form Bidding Phase.pdf,NON_QUOTE
Kite - Sierra Trading Lakewood,unknown,5 Lakewood Towne Center Sierra Trading KRG RFI Form Bidding Phase,5 Lakewood Towne Center Sierra Trading KRG RFI Form Bidding Phase,unknown,bid_pdf,/Volumes/TCL_DATA 1TB/TCL Partners Dropbox/TCL Partners Dropbox/TCL_Server/_Estimates/Kite - Sierra Trading Lakewood/Sierra Trading Company/5 -  Lakewood Towne Center - Sierra Trading - KRG RFI Form Bidding Phase.pdf,TBD,.pdf,68535,unparsed,Sierra Trading Company/5 -  Lakewood Towne Center - Sierra Trading - KRG RFI Form Bidding Phase.pdf,NON_QUOTE
Kite - Sierra Trading Lakewood,unknown,Archer Construction,Archer Construction,unknown,bid_pdf,/Volumes/TCL_DATA 1TB/TCL Partners Dropbox/TCL Partners Dropbox/TCL_Server/_Estimates/Kite - Sierra Trading Lakewood/Sub Bids/Archer Construction.pdf,TBD,.pdf,242630,unparsed,Sub Bids/Archer Construction.pdf,QUOTE_APPROVED
Kite - Sierra Trading Lakewood,unknown,B&H Fire,B&H Fire,unknown,bid_pdf,/Volumes/TCL_DATA 1TB/TCL Partners Dropbox/TCL Partners Dropbox/TCL_Server/_Estimates/Kite - Sierra Trading Lakewood/Sub Bids/B&H Fire.pdf,TBD,.pdf,165048,unparsed,Sub Bids/B&H Fire.pdf,QUOTE_APPROVED
Kite - Sierra Trading Lakewood,unknown,BUDGET,BUDGET,unknown,bid_pdf,/Volumes/TCL_DATA 1TB/TCL Partners Dropbox/TCL Partners Dropbox/TCL_Server/_Estimates/Kite - Sierra Trading Lakewood/BUDGET.pdf,TBD,.pdf,117763,unparsed,BUDGET.pdf,NON_QUOTE
Kite - Sierra Trading Lakewood,unknown,BUDGET R1,BUDGET R1,unknown,bid_pdf,/Volumes/TCL_DATA 1TB/TCL Partners Dropbox/TCL Partners Dropbox/TCL_Server/_Estimates/Kite - Sierra Trading Lakewood/BUDGET R1.pdf,TBD,.pdf,118856,unparsed,BUDGET R1.pdf,NON_QUOTE
Kite - Sierra Trading Lakewood,unknown,Copy of 2 Lakewood Towne Center Sierra Trading KRG Form Part B Exhibits (Revised),Copy of 2 Lakewood Towne Center Sierra Trading KRG Form Part B Exhibits (Revised),unknown,bid_pdf,/Volumes/TCL_DATA 1TB/TCL Partners Dropbox/TCL Partners Dropbox/TCL_Server/_Estimates/Kite - Sierra Trading Lakewood/Copy of 2 - Lakewood Towne Center - Sierra Trading - KRG Bid Form Part B- Exhibits (Revised).pdf,TBD,.pdf,45424,unparsed,Copy of 2 - Lakewood Towne Center - Sierra Trading - KRG Bid Form Part B- Exhibits (Revised).pdf,NON_QUOTE
Kite - Sierra Trading Lakewood,unknown,Copy of 2 Lakewood Towne Center Sierra Trading KRG Form Part B Exhibits (Revised).xlsx Group,Copy of 2 Lakewood Towne Center Sierra Trading KRG Form Part B Exhibits (Revised).xlsx Group,unknown,bid_pdf,/Volumes/TCL_DATA 1TB/TCL Partners Dropbox/TCL Partners Dropbox/TCL_Server/_Estimates/Kite - Sierra Trading Lakewood/Copy of 2 - Lakewood Towne Center - Sierra Trading - KRG Bid Form Part B- Exhibits (Revised).xlsx  -  Group.pdf,TBD,.pdf,168179,unparsed,Copy of 2 - Lakewood Towne Center - Sierra Trading - KRG Bid Form Part B- Exhibits (Revised).xlsx  -  Group.pdf,NON_QUOTE
Kite - Sierra Trading Lakewood,unknown,Evergreen Refer,Evergreen Refer,unknown,bid_pdf,/Volumes/TCL_DATA 1TB/TCL Partners Dropbox/TCL Partners Dropbox/TCL_Server/_Estimates/Kite - Sierra Trading Lakewood/Sub Bids/Evergreen Refer.pdf,TBD,.pdf,305090,unparsed,Sub Bids/Evergreen Refer.pdf,QUOTE_APPROVED
Kite - Sierra Trading Lakewood,unknown,Full Package pdf,Full Package pdf,unknown,bid_pdf,/Volumes/TCL_DATA 1TB/TCL Partners Dropbox/TCL Partners Dropbox/TCL_Server/_Estimates/Kite - Sierra Trading Lakewood/Full Bid Package pdf.pdf,TBD,.pdf,3101210,unparsed,Full Bid Package pdf.pdf,NON_QUOTE
Kite - Sierra Trading Lakewood,unknown,Full Package pdf copy,Full Package pdf copy,unknown,bid_pdf,/Volumes/TCL_DATA 1TB/TCL Partners Dropbox/TCL Partners Dropbox/TCL_Server/_Estimates/Kite - Sierra Trading Lakewood/Full Bid Package pdf copy.pdf,TBD,.pdf,3720727,unparsed,Full Bid Package pdf copy.pdf,NON_QUOTE
Kite - Sierra Trading Lakewood,unknown,Landlord Permit Set Sierra Trading Lakewood WA,Landlord Permit Set Sierra Trading Lakewood WA,unknown,bid_pdf,/Volumes/TCL_DATA 1TB/TCL Partners Dropbox/TCL Partners Dropbox/TCL_Server/_Estimates/Kite - Sierra Trading Lakewood/Email to Subs/Landlord Permit Set - Sierra Trading - Lakewood WA.pdf,TBD,.pdf,19403100,unparsed,Email to Subs/Landlord Permit Set - Sierra Trading - Lakewood WA.pdf,NON_QUOTE
Kite - Sierra Trading Lakewood,unknown,Landlord Permit Set Sierra Trading Lakewood WA,Landlord Permit Set Sierra Trading Lakewood WA,unknown,bid_pdf,/Volumes/TCL_DATA 1TB/TCL Partners Dropbox/TCL Partners Dropbox/TCL_Server/_Estimates/Kite - Sierra Trading Lakewood/Sierra Trading Company/Landlord Permit Set - Sierra Trading - Lakewood WA.pdf,TBD,.pdf,19403100,unparsed,Sierra Trading Company/Landlord Permit Set - Sierra Trading - Lakewood WA.pdf,NON_QUOTE
Kite - Sierra Trading Lakewood,unknown,NW Handling,NW Handling,unknown,bid_pdf,/Volumes/TCL_DATA 1TB/TCL Partners Dropbox/TCL Partners Dropbox/TCL_Server/_Estimates/Kite - Sierra Trading Lakewood/Sub Bids/NW Handling.pdf,TBD,.pdf,346763,unparsed,Sub Bids/NW Handling.pdf,QUOTE_APPROVED
Kite - Sierra Trading Lakewood,unknown,Olsen Electric,Olsen Electric,unknown,bid_pdf,/Volumes/TCL_DATA 1TB/TCL Partners Dropbox/TCL Partners Dropbox/TCL_Server/_Estimates/Kite - Sierra Trading Lakewood/Sub Bids/Olsen Electric.pdf,TBD,.pdf,193560,unparsed,Sub Bids/Olsen Electric.pdf,QUOTE_APPROVED
Kite - Sierra Trading Lakewood,unknown,Olympic Interiors,Olympic Interiors,unknown,bid_pdf,/Volumes/TCL_DATA 1TB/TCL Partners Dropbox/TCL Partners Dropbox/TCL_Server/_Estimates/Kite - Sierra Trading Lakewood/Sub Bids/Olympic Interiors.pdf,TBD,.pdf,63586,unparsed,Sub Bids/Olympic Interiors.pdf,QUOTE_APPROVED
Kite - Sierra Trading Lakewood,unknown,Package,Package,unknown,bid_pdf,/Volumes/TCL_DATA 1TB/TCL Partners Dropbox/TCL Partners Dropbox/TCL_Server/_Estimates/Kite - Sierra Trading Lakewood/Bid Package/Bid Package.pdf,TBD,.pdf,449973,unparsed,Bid Package/Bid Package.pdf,NON_QUOTE
Kite - Sierra Trading Lakewood,unknown,Range Electric,Range Electric,unknown,bid_pdf,/Volumes/TCL_DATA 1TB/TCL Partners Dropbox/TCL Partners Dropbox/TCL_Server/_Estimates/Kite - Sierra Trading Lakewood/Sub Bids/Range Electric.pdf,TBD,.pdf,643913,unparsed,Sub Bids/Range Electric.pdf,QUOTE_APPROVED
Kite - Sierra Trading Lakewood,unknown,Scope doc Draft,Scope doc Draft,unknown,bid_pdf,/Volumes/TCL_DATA 1TB/TCL Partners Dropbox/TCL Partners Dropbox/TCL_Server/_Estimates/Kite - Sierra Trading Lakewood/Scope doc Draft.pdf,TBD,.pdf,326530,unparsed,Scope doc Draft.pdf,NON_QUOTE
Kite - Sierra Trading Lakewood,unknown,Scope doc R1,Scope doc R1,unknown,bid_pdf,/Volumes/TCL_DATA 1TB/TCL Partners Dropbox/TCL Partners Dropbox/TCL_Server/_Estimates/Kite - Sierra Trading Lakewood/Scope doc R1.pdf,TBD,.pdf,334404,unparsed,Scope doc R1.pdf,NON_QUOTE
Kite - Sierra Trading Lakewood,unknown,Universal Refer,Universal Refer,unknown,bid_pdf,/Volumes/TCL_DATA 1TB/TCL Partners Dropbox/TCL Partners Dropbox/TCL_Server/_Estimates/Kite - Sierra Trading Lakewood/Sub Bids/Universal Refer.pdf,TBD,.pdf,107605,unparsed,Sub Bids/Universal Refer.pdf,QUOTE_APPROVED
Kite - Sierra Trading Lakewood,unknown,2 Lakewood Towne Center Sierra Trading KRG Form Part B Exhibits,2 Lakewood Towne Center Sierra Trading KRG Form Part B Exhibits,unknown,other,/Volumes/TCL_DATA 1TB/TCL Partners Dropbox/TCL Partners Dropbox/TCL_Server/_Estimates/Kite - Sierra Trading Lakewood/Email to Subs/2 - Lakewood Towne Center - Sierra Trading - KRG Bid Form Part B- Exhibits.xlsx,TBD,.xlsx,73801,unparsed,Email to Subs/2 - Lakewood Towne Center - Sierra Trading - KRG Bid Form Part B- Exhibits.xlsx,UNKNOWN
Kite - Sierra Trading Lakewood,unknown,2 Lakewood Towne Center Sierra Trading KRG Form Part B Exhibits,2 Lakewood Towne Center Sierra Trading KRG Form Part B Exhibits,unknown,other,/Volumes/TCL_DATA 1TB/TCL Partners Dropbox/TCL Partners Dropbox/TCL_Server/_Estimates/Kite - Sierra Trading Lakewood/Sierra Trading Company/2 - Lakewood Towne Center - Sierra Trading - KRG Bid Form Part B- Exhibits.xlsx,TBD,.xlsx,73801,unparsed,Sierra Trading Company/2 - Lakewood Towne Center - Sierra Trading - KRG Bid Form Part B- Exhibits.xlsx,UNKNOWN
Kite - Sierra Trading Lakewood,unknown,2 Lakewood Towne Center Sierra Trading KRG Form Part B Exhibits (With WSST),2 Lakewood Towne Center Sierra Trading KRG Form Part B Exhibits (With WSST),unknown,other,/Volumes/TCL_DATA 1TB/TCL Partners Dropbox/TCL Partners Dropbox/TCL_Server/_Estimates/Kite - Sierra Trading Lakewood/2 - Lakewood Towne Center - Sierra Trading - KRG Bid Form Part B- Exhibits (With WSST).xlsx,TBD,.xlsx,70861,unparsed,2 - Lakewood Towne Center - Sierra Trading - KRG Bid Form Part B- Exhibits (With WSST).xlsx,UNKNOWN
Kite - Sierra Trading Lakewood,unknown,2 Revised Lakewood Towne Center Sierra Trading KRG Form Part B Exhibits (With WSST),2 Revised Lakewood Towne Center Sierra Trading KRG Form Part B Exhibits (With WSST),unknown,other,/Volumes/TCL_DATA 1TB/TCL Partners Dropbox/TCL Partners Dropbox/TCL_Server/_Estimates/Kite - Sierra Trading Lakewood/Bid Package/2 Revised - Lakewood Towne Center - Sierra Trading - KRG Bid Form Part B- Exhibits (With WSST).xlsx,TBD,.xlsx,71473,unparsed,Bid Package/2 Revised - Lakewood Towne Center - Sierra Trading - KRG Bid Form Part B- Exhibits (With WSST).xlsx,UNKNOWN
Kite - Sierra Trading Lakewood,unknown,BUDGET,BUDGET,unknown,other,/Volumes/TCL_DATA 1TB/TCL Partners Dropbox/TCL Partners Dropbox/TCL_Server/_Estimates/Kite - Sierra Trading Lakewood/BUDGET.xls,TBD,.xls,417280,unparsed,BUDGET.xls,UNKNOWN
Kite - Sierra Trading Lakewood,unknown,Budget R1,Budget R1,unknown,other,/Volumes/TCL_DATA 1TB/TCL Partners Dropbox/TCL Partners Dropbox/TCL_Server/_Estimates/Kite - Sierra Trading Lakewood/Budget R1.xls,TBD,.xls,423936,unparsed,Budget R1.xls,UNKNOWN
Kite - Sierra Trading Lakewood,unknown,Copy of 2 Lakewood Towne Center Sierra Trading KRG Form Part B Exhibits (Revised),Copy of 2 Lakewood Towne Center Sierra Trading KRG Form Part B Exhibits (Revised),unknown,other,/Volumes/TCL_DATA 1TB/TCL Partners Dropbox/TCL Partners Dropbox/TCL_Server/_Estimates/Kite - Sierra Trading Lakewood/Copy of 2 - Lakewood Towne Center - Sierra Trading - KRG Bid Form Part B- Exhibits (Revised).xlsx,TBD,.xlsx,71210,unparsed,Copy of 2 - Lakewood Towne Center - Sierra Trading - KRG Bid Form Part B- Exhibits (Revised).xlsx,UNKNOWN
Kite - Sierra Trading Lakewood,unknown,Copy of 2 Revised Lakewood Towne Center Sierra Trading KRG Form Part B Exhibits (With WSST),Copy of 2 Revised Lakewood Towne Center Sierra Trading KRG Form Part B Exhibits (With WSST),unknown,other,/Volumes/TCL_DATA 1TB/TCL Partners Dropbox/TCL Partners Dropbox/TCL_Server/_Estimates/Kite - Sierra Trading Lakewood/Copy of 2 Revised - Lakewood Towne Center - Sierra Trading - KRG Bid Form Part B- Exhibits (With WSST).xlsx,TBD,.xlsx,71210,unparsed,Copy of 2 Revised - Lakewood Towne Center - Sierra Trading - KRG Bid Form Part B- Exhibits (With WSST).xlsx,UNKNOWN
Kite - Sierra Trading Lakewood,unknown,DNR Dirt Wurx,DNR Dirt Wurx,unknown,other,/Volumes/TCL_DATA 1TB/TCL Partners Dropbox/TCL Partners Dropbox/TCL_Server/_Estimates/Kite - Sierra Trading Lakewood/Sub Bids/DNR Dirt Wurx.docx,TBD,.docx,39377,unparsed,Sub Bids/DNR Dirt Wurx.docx,UNKNOWN
Kite - Sierra Trading Lakewood,unknown,DNR Revised,DNR Revised,unknown,other,/Volumes/TCL_DATA 1TB/TCL Partners Dropbox/TCL Partners Dropbox/TCL_Server/_Estimates/Kite - Sierra Trading Lakewood/Sub Bids/DNR-Revised.docx,TBD,.docx,39795,unparsed,Sub Bids/DNR-Revised.docx,UNKNOWN
Kite - Sierra Trading Lakewood,unknown,Form TEMPLATE 50% burden,Form TEMPLATE 50% burden,unknown,other,/Volumes/TCL_DATA 1TB/TCL Partners Dropbox/TCL Partners Dropbox/TCL_Server/_Estimates/Kite - Sierra Trading Lakewood/_Bid Form TEMPLATE 50% burden.xls,TBD,.xls,417280,unparsed,_Bid Form TEMPLATE 50% burden.xls,UNKNOWN
Kite - Sierra Trading Lakewood,unknown,Form TEMPLATE 50% burden (Jonny Varriano's conflicted copy 2026 01 07),Form TEMPLATE 50% burden (Jonny Varriano's conflicted copy 2026 01 07),unknown,other,/Volumes/TCL_DATA 1TB/TCL Partners Dropbox/TCL Partners Dropbox/TCL_Server/_Estimates/Kite - Sierra Trading Lakewood/_Bid Form TEMPLATE 50% burden (Jonny Varriano's conflicted copy 2026-01-07).xls,TBD,.xls,417280,unparsed,_Bid Form TEMPLATE 50% burden (Jonny Varriano's conflicted copy 2026-01-07).xls,UNKNOWN
Kite - Sierra Trading Lakewood,unknown,"Photo Nov 11 2025, 1 31 43 PM","Photo Nov 11 2025, 1 31 43 PM",unknown,other,"/Volumes/TCL_DATA 1TB/TCL Partners Dropbox/TCL Partners Dropbox/TCL_Server/_Estimates/Kite - Sierra Trading Lakewood/photos/Photo Nov 11 2025, 1 31 43 PM.jpg",TBD,.jpg,5273936,unparsed,"photos/Photo Nov 11 2025, 1 31 43 PM.jpg",UNKNOWN
Kite - Sierra Trading Lakewood,unknown,"Photo Nov 11 2025, 1 33 35 PM","Photo Nov 11 2025, 1 33 35 PM",unknown,other,"/Volumes/TCL_DATA 1TB/TCL Partners Dropbox/TCL Partners Dropbox/TCL_Server/_Estimates/Kite - Sierra Trading Lakewood/photos/Photo Nov 11 2025, 1 33 35 PM.jpg",TBD,.jpg,2882474,unparsed,"photos/Photo Nov 11 2025, 1 33 35 PM.jpg",UNKNOWN
Kite - Sierra Trading Lakewood,unknown,"Photo Nov 11 2025, 1 33 38 PM","Photo Nov 11 2025, 1 33 38 PM",unknown,other,"/Volumes/TCL_DATA 1TB/TCL Partners Dropbox/TCL Partners Dropbox/TCL_Server/_Estimates/Kite - Sierra Trading Lakewood/photos/Photo Nov 11 2025, 1 33 38 PM.jpg",TBD,.jpg,2720839,unparsed,"photos/Photo Nov 11 2025, 1 33 38 PM.jpg",UNKNOWN
Kite - Sierra Trading Lakewood,unknown,"Photo Nov 11 2025, 1 33 41 PM","Photo Nov 11 2025, 1 33 41 PM",unknown,other,"/Volumes/TCL_DATA 1TB/TCL Partners Dropbox/TCL Partners Dropbox/TCL_Server/_Estimates/Kite - Sierra Trading Lakewood/photos/Photo Nov 11 2025, 1 33 41 PM.jpg",TBD,.jpg,2531854,unparsed,"photos/Photo Nov 11 2025, 1 33 41 PM.jpg",UNKNOWN
Kite - Sierra Trading Lakewood,unknown,"Photo Nov 11 2025, 1 33 42 PM","Photo Nov 11 2025, 1 33 42 PM",unknown,other,"/Volumes/TCL_DATA 1TB/TCL Partners Dropbox/TCL Partners Dropbox/TCL_Server/_Estimates/Kite - Sierra Trading Lakewood/photos/Photo Nov 11 2025, 1 33 42 PM.jpg",TBD,.jpg,2697087,unparsed,"photos/Photo Nov 11 2025, 1 33 42 PM.jpg",UNKNOWN
Kite - Sierra Trading Lakewood,unknown,"Photo Nov 11 2025, 1 33 53 PM","Photo Nov 11 2025, 1 33 53 PM",unknown,other,"/Volumes/TCL_DATA 1TB/TCL Partners Dropbox/TCL Partners Dropbox/TCL_Server/_Estimates/Kite - Sierra Trading Lakewood/photos/Photo Nov 11 2025, 1 33 53 PM.jpg",TBD,.jpg,2018049,unparsed,"photos/Photo Nov 11 2025, 1 33 53 PM.jpg",UNKNOWN
Kite - Sierra Trading Lakewood,unknown,"Photo Nov 11 2025, 1 34 02 PM","Photo Nov 11 2025, 1 34 02 PM",unknown,other,"/Volumes/TCL_DATA 1TB/TCL Partners Dropbox/TCL Partners Dropbox/TCL_Server/_Estimates/Kite - Sierra Trading Lakewood/photos/Photo Nov 11 2025, 1 34 02 PM.jpg",TBD,.jpg,2562831,unparsed,"photos/Photo Nov 11 2025, 1 34 02 PM.jpg",UNKNOWN
Kite - Sierra Trading Lakewood,unknown,"Photo Nov 11 2025, 1 34 03 PM","Photo Nov 11 2025, 1 34 03 PM",unknown,other,"/Volumes/TCL_DATA 1TB/TCL Partners Dropbox/TCL Partners Dropbox/TCL_Server/_Estimates/Kite - Sierra Trading Lakewood/photos/Photo Nov 11 2025, 1 34 03 PM.jpg",TBD,.jpg,2483235,unparsed,"photos/Photo Nov 11 2025, 1 34 03 PM.jpg",UNKNOWN
Kite - Sierra Trading Lakewood,unknown,"Photo Nov 11 2025, 1 34 05 PM","Photo Nov 11 2025, 1 34 05 PM",unknown,other,"/Volumes/TCL_DATA 1TB/TCL Partners Dropbox/TCL Partners Dropbox/TCL_Server/_Estimates/Kite - Sierra Trading Lakewood/photos/Photo Nov 11 2025, 1 34 05 PM.jpg",TBD,.jpg,2737271,unparsed,"photos/Photo Nov 11 2025, 1 34 05 PM.jpg",UNKNOWN
Kite - Sierra Trading Lakewood,unknown,"Photo Nov 11 2025, 1 34 06 PM","Photo Nov 11 2025, 1 34 06 PM",unknown,other,"/Volumes/TCL_DATA 1TB/TCL Partners Dropbox/TCL Partners Dropbox/TCL_Server/_Estimates/Kite - Sierra Trading Lakewood/photos/Photo Nov 11 2025, 1 34 06 PM.jpg",TBD,.jpg,2651950,unparsed,"photos/Photo Nov 11 2025, 1 34 06 PM.jpg",UNKNOWN
Kite - Sierra Trading Lakewood,unknown,"Photo Nov 11 2025, 1 34 07 PM","Photo Nov 11 2025, 1 34 07 PM",unknown,other,"/Volumes/TCL_DATA 1TB/TCL Partners Dropbox/TCL Partners Dropbox/TCL_Server/_Estimates/Kite - Sierra Trading Lakewood/photos/Photo Nov 11 2025, 1 34 07 PM.jpg",TBD,.jpg,2435631,unparsed,"photos/Photo Nov 11 2025, 1 34 07 PM.jpg",UNKNOWN
Kite - Sierra Trading Lakewood,unknown,"Photo Nov 11 2025, 1 34 09 PM","Photo Nov 11 2025, 1 34 09 PM",unknown,other,"/Volumes/TCL_DATA 1TB/TCL Partners Dropbox/TCL Partners Dropbox/TCL_Server/_Estimates/Kite - Sierra Trading Lakewood/photos/Photo Nov 11 2025, 1 34 09 PM.jpg",TBD,.jpg,2543846,unparsed,"photos/Photo Nov 11 2025, 1 34 09 PM.jpg",UNKNOWN
Kite - Sierra Trading Lakewood,unknown,"Photo Nov 11 2025, 1 34 11 PM","Photo Nov 11 2025, 1 34 11 PM",unknown,other,"/Volumes/TCL_DATA 1TB/TCL Partners Dropbox/TCL Partners Dropbox/TCL_Server/_Estimates/Kite - Sierra Trading Lakewood/photos/Photo Nov 11 2025, 1 34 11 PM.jpg",TBD,.jpg,2680604,unparsed,"photos/Photo Nov 11 2025, 1 34 11 PM.jpg",UNKNOWN
Kite - Sierra Trading Lakewood,unknown,"Photo Nov 11 2025, 1 34 12 PM","Photo Nov 11 2025, 1 34 12 PM",unknown,other,"/Volumes/TCL_DATA 1TB/TCL Partners Dropbox/TCL Partners Dropbox/TCL_Server/_Estimates/Kite - Sierra Trading Lakewood/photos/Photo Nov 11 2025, 1 34 12 PM.jpg",TBD,.jpg,2802410,unparsed,"photos/Photo Nov 11 2025, 1 34 12 PM.jpg",UNKNOWN
Kite - Sierra Trading Lakewood,unknown,"Photo Nov 11 2025, 1 34 13 PM","Photo Nov 11 2025, 1 34 13 PM",unknown,other,"/Volumes/TCL_DATA 1TB/TCL Partners Dropbox/TCL Partners Dropbox/TCL_Server/_Estimates/Kite - Sierra Trading Lakewood/photos/Photo Nov 11 2025, 1 34 13 PM.jpg",TBD,.jpg,2406349,unparsed,"photos/Photo Nov 11 2025, 1 34 13 PM.jpg",UNKNOWN
Kite - Sierra Trading Lakewood,unknown,"Photo Nov 11 2025, 1 34 18 PM","Photo Nov 11 2025, 1 34 18 PM",unknown,other,"/Volumes/TCL_DATA 1TB/TCL Partners Dropbox/TCL Partners Dropbox/TCL_Server/_Estimates/Kite - Sierra Trading Lakewood/photos/Photo Nov 11 2025, 1 34 18 PM.jpg",TBD,.jpg,2853438,unparsed,"photos/Photo Nov 11 2025, 1 34 18 PM.jpg",UNKNOWN
Kite - Sierra Trading Lakewood,unknown,"Photo Nov 11 2025, 1 34 19 PM","Photo Nov 11 2025, 1 34 19 PM",unknown,other,"/Volumes/TCL_DATA 1TB/TCL Partners Dropbox/TCL Partners Dropbox/TCL_Server/_Estimates/Kite - Sierra Trading Lakewood/photos/Photo Nov 11 2025, 1 34 19 PM.jpg",TBD,.jpg,2577757,unparsed,"photos/Photo Nov 11 2025, 1 34 19 PM.jpg",UNKNOWN
Kite - Sierra Trading Lakewood,unknown,"Photo Nov 11 2025, 1 34 21 PM","Photo Nov 11 2025, 1 34 21 PM",unknown,other,"/Volumes/TCL_DATA 1TB/TCL Partners Dropbox/TCL Partners Dropbox/TCL_Server/_Estimates/Kite - Sierra Trading Lakewood/photos/Photo Nov 11 2025, 1 34 21 PM.jpg",TBD,.jpg,2476053,unparsed,"photos/Photo Nov 11 2025, 1 34 21 PM.jpg",UNKNOWN
Kite - Sierra Trading Lakewood,unknown,"Photo Nov 11 2025, 1 34 22 PM","Photo Nov 11 2025, 1 34 22 PM",unknown,other,"/Volumes/TCL_DATA 1TB/TCL Partners Dropbox/TCL Partners Dropbox/TCL_Server/_Estimates/Kite - Sierra Trading Lakewood/photos/Photo Nov 11 2025, 1 34 22 PM.jpg",TBD,.jpg,2588879,unparsed,"photos/Photo Nov 11 2025, 1 34 22 PM.jpg",UNKNOWN
Kite - Sierra Trading Lakewood,unknown,"Photo Nov 11 2025, 1 34 23 PM","Photo Nov 11 2025, 1 34 23 PM",unknown,other,"/Volumes/TCL_DATA 1TB/TCL Partners Dropbox/TCL Partners Dropbox/TCL_Server/_Estimates/Kite - Sierra Trading Lakewood/photos/Photo Nov 11 2025, 1 34 23 PM.jpg",TBD,.jpg,2510008,unparsed,"photos/Photo Nov 11 2025, 1 34 23 PM.jpg",UNKNOWN
Kite - Sierra Trading Lakewood,unknown,"Photo Nov 11 2025, 1 34 24 PM","Photo Nov 11 2025, 1 34 24 PM",unknown,other,"/Volumes/TCL_DATA 1TB/TCL Partners Dropbox/TCL Partners Dropbox/TCL_Server/_Estimates/Kite - Sierra Trading Lakewood/photos/Photo Nov 11 2025, 1 34 24 PM.jpg",TBD,.jpg,2611859,unparsed,"photos/Photo Nov 11 2025, 1 34 24 PM.jpg",UNKNOWN
Kite - Sierra Trading Lakewood,unknown,"Photo Nov 11 2025, 1 34 26 PM","Photo Nov 11 2025, 1 34 26 PM",unknown,other,"/Volumes/TCL_DATA 1TB/TCL Partners Dropbox/TCL Partners Dropbox/TCL_Server/_Estimates/Kite - Sierra Trading Lakewood/photos/Photo Nov 11 2025, 1 34 26 PM.jpg",TBD,.jpg,2583471,unparsed,"photos/Photo Nov 11 2025, 1 34 26 PM.jpg",UNKNOWN
Kite - Sierra Trading Lakewood,unknown,"Photo Nov 11 2025, 1 34 27 PM","Photo Nov 11 2025, 1 34 27 PM",unknown,other,"/Volumes/TCL_DATA 1TB/TCL Partners Dropbox/TCL Partners Dropbox/TCL_Server/_Estimates/Kite - Sierra Trading Lakewood/photos/Photo Nov 11 2025, 1 34 27 PM.jpg",TBD,.jpg,2674797,unparsed,"photos/Photo Nov 11 2025, 1 34 27 PM.jpg",UNKNOWN
Kite - Sierra Trading Lakewood,unknown,"Photo Nov 11 2025, 1 34 29 PM","Photo Nov 11 2025, 1 34 29 PM",unknown,other,"/Volumes/TCL_DATA 1TB/TCL Partners Dropbox/TCL Partners Dropbox/TCL_Server/_Estimates/Kite - Sierra Trading Lakewood/photos/Photo Nov 11 2025, 1 34 29 PM.jpg",TBD,.jpg,2677868,unparsed,"photos/Photo Nov 11 2025, 1 34 29 PM.jpg",UNKNOWN
Kite - Sierra Trading Lakewood,unknown,"Photo Nov 11 2025, 1 34 30 PM","Photo Nov 11 2025, 1 34 30 PM",unknown,other,"/Volumes/TCL_DATA 1TB/TCL Partners Dropbox/TCL Partners Dropbox/TCL_Server/_Estimates/Kite - Sierra Trading Lakewood/photos/Photo Nov 11 2025, 1 34 30 PM.jpg",TBD,.jpg,2533452,unparsed,"photos/Photo Nov 11 2025, 1 34 30 PM.jpg",UNKNOWN
Kite - Sierra Trading Lakewood,unknown,"Photo Nov 11 2025, 1 34 31 PM","Photo Nov 11 2025, 1 34 31 PM",unknown,other,"/Volumes/TCL_DATA 1TB/TCL Partners Dropbox/TCL Partners Dropbox/TCL_Server/_Estimates/Kite - Sierra Trading Lakewood/photos/Photo Nov 11 2025, 1 34 31 PM.jpg",TBD,.jpg,2918310,unparsed,"photos/Photo Nov 11 2025, 1 34 31 PM.jpg",UNKNOWN
Kite - Sierra Trading Lakewood,unknown,"Photo Nov 11 2025, 1 34 32 PM","Photo Nov 11 2025, 1 34 32 PM",unknown,other,"/Volumes/TCL_DATA 1TB/TCL Partners Dropbox/TCL Partners Dropbox/TCL_Server/_Estimates/Kite - Sierra Trading Lakewood/photos/Photo Nov 11 2025, 1 34 32 PM.jpg",TBD,.jpg,2747256,unparsed,"photos/Photo Nov 11 2025, 1 34 32 PM.jpg",UNKNOWN
Kite - Sierra Trading Lakewood,unknown,"Photo Nov 11 2025, 1 34 33 PM","Photo Nov 11 2025, 1 34 33 PM",unknown,other,"/Volumes/TCL_DATA 1TB/TCL Partners Dropbox/TCL Partners Dropbox/TCL_Server/_Estimates/Kite - Sierra Trading Lakewood/photos/Photo Nov 11 2025, 1 34 33 PM.jpg",TBD,.jpg,2768610,unparsed,"photos/Photo Nov 11 2025, 1 34 33 PM.jpg",UNKNOWN
Kite - Sierra Trading Lakewood,unknown,"Photo Nov 11 2025, 1 34 35 PM","Photo Nov 11 2025, 1 34 35 PM",unknown,other,"/Volumes/TCL_DATA 1TB/TCL Partners Dropbox/TCL Partners Dropbox/TCL_Server/_Estimates/Kite - Sierra Trading Lakewood/photos/Photo Nov 11 2025, 1 34 35 PM.jpg",TBD,.jpg,2694044,unparsed,"photos/Photo Nov 11 2025, 1 34 35 PM.jpg",UNKNOWN
Kite - Sierra Trading Lakewood,unknown,"Photo Nov 11 2025, 1 34 37 PM","Photo Nov 11 2025, 1 34 37 PM",unknown,other,"/Volumes/TCL_DATA 1TB/TCL Partners Dropbox/TCL Partners Dropbox/TCL_Server/_Estimates/Kite - Sierra Trading Lakewood/photos/Photo Nov 11 2025, 1 34 37 PM.jpg",TBD,.jpg,2618183,unparsed,"photos/Photo Nov 11 2025, 1 34 37 PM.jpg",UNKNOWN
Kite - Sierra Trading Lakewood,unknown,"Photo Nov 11 2025, 1 34 41 PM","Photo Nov 11 2025, 1 34 41 PM",unknown,other,"/Volumes/TCL_DATA 1TB/TCL Partners Dropbox/TCL Partners Dropbox/TCL_Server/_Estimates/Kite - Sierra Trading Lakewood/photos/Photo Nov 11 2025, 1 34 41 PM.jpg",TBD,.jpg,2458527,unparsed,"photos/Photo Nov 11 2025, 1 34 41 PM.jpg",UNKNOWN
Kite - Sierra Trading Lakewood,unknown,"Photo Nov 11 2025, 1 34 42 PM","Photo Nov 11 2025, 1 34 42 PM",unknown,other,"/Volumes/TCL_DATA 1TB/TCL Partners Dropbox/TCL Partners Dropbox/TCL_Server/_Estimates/Kite - Sierra Trading Lakewood/photos/Photo Nov 11 2025, 1 34 42 PM.jpg",TBD,.jpg,2393203,unparsed,"photos/Photo Nov 11 2025, 1 34 42 PM.jpg",UNKNOWN
Kite - Sierra Trading Lakewood,unknown,"Photo Nov 11 2025, 1 34 43 PM","Photo Nov 11 2025, 1 34 43 PM",unknown,other,"/Volumes/TCL_DATA 1TB/TCL Partners Dropbox/TCL Partners Dropbox/TCL_Server/_Estimates/Kite - Sierra Trading Lakewood/photos/Photo Nov 11 2025, 1 34 43 PM.jpg",TBD,.jpg,2408092,unparsed,"photos/Photo Nov 11 2025, 1 34 43 PM.jpg",UNKNOWN
Kite - Sierra Trading Lakewood,unknown,"Photo Nov 11 2025, 1 34 45 PM","Photo Nov 11 2025, 1 34 45 PM",unknown,other,"/Volumes/TCL_DATA 1TB/TCL Partners Dropbox/TCL Partners Dropbox/TCL_Server/_Estimates/Kite - Sierra Trading Lakewood/photos/Photo Nov 11 2025, 1 34 45 PM.jpg",TBD,.jpg,2690478,unparsed,"photos/Photo Nov 11 2025, 1 34 45 PM.jpg",UNKNOWN
Kite - Sierra Trading Lakewood,unknown,"Photo Nov 11 2025, 1 34 47 PM","Photo Nov 11 2025, 1 34 47 PM",unknown,other,"/Volumes/TCL_DATA 1TB/TCL Partners Dropbox/TCL Partners Dropbox/TCL_Server/_Estimates/Kite - Sierra Trading Lakewood/photos/Photo Nov 11 2025, 1 34 47 PM.jpg",TBD,.jpg,2699014,unparsed,"photos/Photo Nov 11 2025, 1 34 47 PM.jpg",UNKNOWN
Kite - Sierra Trading Lakewood,unknown,"Photo Nov 11 2025, 1 34 48 PM","Photo Nov 11 2025, 1 34 48 PM",unknown,other,"/Volumes/TCL_DATA 1TB/TCL Partners Dropbox/TCL Partners Dropbox/TCL_Server/_Estimates/Kite - Sierra Trading Lakewood/photos/Photo Nov 11 2025, 1 34 48 PM.jpg",TBD,.jpg,2476367,unparsed,"photos/Photo Nov 11 2025, 1 34 48 PM.jpg",UNKNOWN
Kite - Sierra Trading Lakewood,unknown,"Photo Nov 11 2025, 1 34 52 PM","Photo Nov 11 2025, 1 34 52 PM",unknown,other,"/Volumes/TCL_DATA 1TB/TCL Partners Dropbox/TCL Partners Dropbox/TCL_Server/_Estimates/Kite - Sierra Trading Lakewood/photos/Photo Nov 11 2025, 1 34 52 PM.jpg",TBD,.jpg,2679313,unparsed,"photos/Photo Nov 11 2025, 1 34 52 PM.jpg",UNKNOWN
Kite - Sierra Trading Lakewood,unknown,"Photo Nov 11 2025, 1 35 00 PM","Photo Nov 11 2025, 1 35 00 PM",unknown,other,"/Volumes/TCL_DATA 1TB/TCL Partners Dropbox/TCL Partners Dropbox/TCL_Server/_Estimates/Kite - Sierra Trading Lakewood/photos/Photo Nov 11 2025, 1 35 00 PM.jpg",TBD,.jpg,2512505,unparsed,"photos/Photo Nov 11 2025, 1 35 00 PM.jpg",UNKNOWN
Kite - Sierra Trading Lakewood,unknown,"Photo Nov 11 2025, 1 35 01 PM","Photo Nov 11 2025, 1 35 01 PM",unknown,other,"/Volumes/TCL_DATA 1TB/TCL Partners Dropbox/TCL Partners Dropbox/TCL_Server/_Estimates/Kite - Sierra Trading Lakewood/photos/Photo Nov 11 2025, 1 35 01 PM.jpg",TBD,.jpg,2728011,unparsed,"photos/Photo Nov 11 2025, 1 35 01 PM.jpg",UNKNOWN
Kite - Sierra Trading Lakewood,unknown,"Photo Nov 11 2025, 1 35 03 PM","Photo Nov 11 2025, 1 35 03 PM",unknown,other,"/Volumes/TCL_DATA 1TB/TCL Partners Dropbox/TCL Partners Dropbox/TCL_Server/_Estimates/Kite - Sierra Trading Lakewood/photos/Photo Nov 11 2025, 1 35 03 PM.jpg",TBD,.jpg,2571900,unparsed,"photos/Photo Nov 11 2025, 1 35 03 PM.jpg",UNKNOWN
Kite - Sierra Trading Lakewood,unknown,"Photo Nov 11 2025, 1 35 04 PM","Photo Nov 11 2025, 1 35 04 PM",unknown,other,"/Volumes/TCL_DATA 1TB/TCL Partners Dropbox/TCL Partners Dropbox/TCL_Server/_Estimates/Kite - Sierra Trading Lakewood/photos/Photo Nov 11 2025, 1 35 04 PM.jpg",TBD,.jpg,2292607,unparsed,"photos/Photo Nov 11 2025, 1 35 04 PM.jpg",UNKNOWN
Kite - Sierra Trading Lakewood,unknown,"Photo Nov 11 2025, 1 35 10 PM","Photo Nov 11 2025, 1 35 10 PM",unknown,other,"/Volumes/TCL_DATA 1TB/TCL Partners Dropbox/TCL Partners Dropbox/TCL_Server/_Estimates/Kite - Sierra Trading Lakewood/photos/Photo Nov 11 2025, 1 35 10 PM.jpg",TBD,.jpg,2508911,unparsed,"photos/Photo Nov 11 2025, 1 35 10 PM.jpg",UNKNOWN
Kite - Sierra Trading Lakewood,unknown,"Photo Nov 11 2025, 1 35 13 PM","Photo Nov 11 2025, 1 35 13 PM",unknown,other,"/Volumes/TCL_DATA 1TB/TCL Partners Dropbox/TCL Partners Dropbox/TCL_Server/_Estimates/Kite - Sierra Trading Lakewood/photos/Photo Nov 11 2025, 1 35 13 PM.jpg",TBD,.jpg,1454173,unparsed,"photos/Photo Nov 11 2025, 1 35 13 PM.jpg",UNKNOWN
Kite - Sierra Trading Lakewood,unknown,"Photo Nov 11 2025, 1 35 21 PM","Photo Nov 11 2025, 1 35 21 PM",unknown,other,"/Volumes/TCL_DATA 1TB/TCL Partners Dropbox/TCL Partners Dropbox/TCL_Server/_Estimates/Kite - Sierra Trading Lakewood/photos/Photo Nov 11 2025, 1 35 21 PM.jpg",TBD,.jpg,2112139,unparsed,"photos/Photo Nov 11 2025, 1 35 21 PM.jpg",UNKNOWN
Kite - Sierra Trading Lakewood,unknown,"Photo Nov 11 2025, 1 35 23 PM","Photo Nov 11 2025, 1 35 23 PM",unknown,other,"/Volumes/TCL_DATA 1TB/TCL Partners Dropbox/TCL Partners Dropbox/TCL_Server/_Estimates/Kite - Sierra Trading Lakewood/photos/Photo Nov 11 2025, 1 35 23 PM.jpg",TBD,.jpg,2373438,unparsed,"photos/Photo Nov 11 2025, 1 35 23 PM.jpg",UNKNOWN
Kite - Sierra Trading Lakewood,unknown,"Photo Nov 11 2025, 1 35 25 PM","Photo Nov 11 2025, 1 35 25 PM",unknown,other,"/Volumes/TCL_DATA 1TB/TCL Partners Dropbox/TCL Partners Dropbox/TCL_Server/_Estimates/Kite - Sierra Trading Lakewood/photos/Photo Nov 11 2025, 1 35 25 PM.jpg",TBD,.jpg,2233986,unparsed,"photos/Photo Nov 11 2025, 1 35 25 PM.jpg",UNKNOWN
Kite - Sierra Trading Lakewood,unknown,"Photo Nov 11 2025, 1 35 27 PM","Photo Nov 11 2025, 1 35 27 PM",unknown,other,"/Volumes/TCL_DATA 1TB/TCL Partners Dropbox/TCL Partners Dropbox/TCL_Server/_Estimates/Kite - Sierra Trading Lakewood/photos/Photo Nov 11 2025, 1 35 27 PM.jpg",TBD,.jpg,2255209,unparsed,"photos/Photo Nov 11 2025, 1 35 27 PM.jpg",UNKNOWN
Kite - Sierra Trading Lakewood,unknown,"Photo Nov 11 2025, 1 35 31 PM","Photo Nov 11 2025, 1 35 31 PM",unknown,other,"/Volumes/TCL_DATA 1TB/TCL Partners Dropbox/TCL Partners Dropbox/TCL_Server/_Estimates/Kite - Sierra Trading Lakewood/photos/Photo Nov 11 2025, 1 35 31 PM.jpg",TBD,.jpg,2208610,unparsed,"photos/Photo Nov 11 2025, 1 35 31 PM.jpg",UNKNOWN
Kite - Sierra Trading Lakewood,unknown,"Photo Nov 11 2025, 1 35 33 PM","Photo Nov 11 2025, 1 35 33 PM",unknown,other,"/Volumes/TCL_DATA 1TB/TCL Partners Dropbox/TCL Partners Dropbox/TCL_Server/_Estimates/Kite - Sierra Trading Lakewood/photos/Photo Nov 11 2025, 1 35 33 PM.jpg",TBD,.jpg,1577723,unparsed,"photos/Photo Nov 11 2025, 1 35 33 PM.jpg",UNKNOWN
Kite - Sierra Trading Lakewood,unknown,"Photo Nov 11 2025, 1 35 35 PM","Photo Nov 11 2025, 1 35 35 PM",unknown,other,"/Volumes/TCL_DATA 1TB/TCL Partners Dropbox/TCL Partners Dropbox/TCL_Server/_Estimates/Kite - Sierra Trading Lakewood/photos/Photo Nov 11 2025, 1 35 35 PM.jpg",TBD,.jpg,1307057,unparsed,"photos/Photo Nov 11 2025, 1 35 35 PM.jpg",UNKNOWN
Kite - Sierra Trading Lakewood,unknown,"Photo Nov 11 2025, 1 35 37 PM","Photo Nov 11 2025, 1 35 37 PM",unknown,other,"/Volumes/TCL_DATA 1TB/TCL Partners Dropbox/TCL Partners Dropbox/TCL_Server/_Estimates/Kite - Sierra Trading Lakewood/photos/Photo Nov 11 2025, 1 35 37 PM.jpg",TBD,.jpg,2141064,unparsed,"photos/Photo Nov 11 2025, 1 35 37 PM.jpg",UNKNOWN
Kite - Sierra Trading Lakewood,unknown,"Photo Nov 11 2025, 1 35 40 PM","Photo Nov 11 2025, 1 35 40 PM",unknown,other,"/Volumes/TCL_DATA 1TB/TCL Partners Dropbox/TCL Partners Dropbox/TCL_Server/_Estimates/Kite - Sierra Trading Lakewood/photos/Photo Nov 11 2025, 1 35 40 PM.jpg",TBD,.jpg,1344490,unparsed,"photos/Photo Nov 11 2025, 1 35 40 PM.jpg",UNKNOWN
Kite - Sierra Trading Lakewood,unknown,"Photo Nov 11 2025, 1 35 44 PM","Photo Nov 11 2025, 1 35 44 PM",unknown,other,"/Volumes/TCL_DATA 1TB/TCL Partners Dropbox/TCL Partners Dropbox/TCL_Server/_Estimates/Kite - Sierra Trading Lakewood/photos/Photo Nov 11 2025, 1 35 44 PM.jpg",TBD,.jpg,1493637,unparsed,"photos/Photo Nov 11 2025, 1 35 44 PM.jpg",UNKNOWN
Kite - Sierra Trading Lakewood,unknown,"Photo Nov 11 2025, 1 35 46 PM","Photo Nov 11 2025, 1 35 46 PM",unknown,other,"/Volumes/TCL_DATA 1TB/TCL Partners Dropbox/TCL Partners Dropbox/TCL_Server/_Estimates/Kite - Sierra Trading Lakewood/photos/Photo Nov 11 2025, 1 35 46 PM.jpg",TBD,.jpg,1892037,unparsed,"photos/Photo Nov 11 2025, 1 35 46 PM.jpg",UNKNOWN
Kite - Sierra Trading Lakewood,unknown,"Photo Nov 11 2025, 1 35 48 PM","Photo Nov 11 2025, 1 35 48 PM",unknown,other,"/Volumes/TCL_DATA 1TB/TCL Partners Dropbox/TCL Partners Dropbox/TCL_Server/_Estimates/Kite - Sierra Trading Lakewood/photos/Photo Nov 11 2025, 1 35 48 PM.jpg",TBD,.jpg,2243394,unparsed,"photos/Photo Nov 11 2025, 1 35 48 PM.jpg",UNKNOWN
Kite - Sierra Trading Lakewood,unknown,"Photo Nov 11 2025, 1 35 50 PM","Photo Nov 11 2025, 1 35 50 PM",unknown,other,"/Volumes/TCL_DATA 1TB/TCL Partners Dropbox/TCL Partners Dropbox/TCL_Server/_Estimates/Kite - Sierra Trading Lakewood/photos/Photo Nov 11 2025, 1 35 50 PM.jpg",TBD,.jpg,2437613,unparsed,"photos/Photo Nov 11 2025, 1 35 50 PM.jpg",UNKNOWN
Kite - Sierra Trading Lakewood,unknown,"Photo Nov 11 2025, 1 35 52 PM","Photo Nov 11 2025, 1 35 52 PM",unknown,other,"/Volumes/TCL_DATA 1TB/TCL Partners Dropbox/TCL Partners Dropbox/TCL_Server/_Estimates/Kite - Sierra Trading Lakewood/photos/Photo Nov 11 2025, 1 35 52 PM.jpg",TBD,.jpg,2538607,unparsed,"photos/Photo Nov 11 2025, 1 35 52 PM.jpg",UNKNOWN
Kite - Sierra Trading Lakewood,unknown,"Photo Nov 11 2025, 1 35 54 PM","Photo Nov 11 2025, 1 35 54 PM",unknown,other,"/Volumes/TCL_DATA 1TB/TCL Partners Dropbox/TCL Partners Dropbox/TCL_Server/_Estimates/Kite - Sierra Trading Lakewood/photos/Photo Nov 11 2025, 1 35 54 PM.jpg",TBD,.jpg,2372662,unparsed,"photos/Photo Nov 11 2025, 1 35 54 PM.jpg",UNKNOWN
Kite - Sierra Trading Lakewood,unknown,"Photo Nov 11 2025, 1 35 55 PM","Photo Nov 11 2025, 1 35 55 PM",unknown,other,"/Volumes/TCL_DATA 1TB/TCL Partners Dropbox/TCL Partners Dropbox/TCL_Server/_Estimates/Kite - Sierra Trading Lakewood/photos/Photo Nov 11 2025, 1 35 55 PM.jpg",TBD,.jpg,2393365,unparsed,"photos/Photo Nov 11 2025, 1 35 55 PM.jpg",UNKNOWN
Kite - Sierra Trading Lakewood,unknown,"Photo Nov 11 2025, 1 36 14 PM","Photo Nov 11 2025, 1 36 14 PM",unknown,other,"/Volumes/TCL_DATA 1TB/TCL Partners Dropbox/TCL Partners Dropbox/TCL_Server/_Estimates/Kite - Sierra Trading Lakewood/photos/Photo Nov 11 2025, 1 36 14 PM.jpg",TBD,.jpg,2143581,unparsed,"photos/Photo Nov 11 2025, 1 36 14 PM.jpg",UNKNOWN
Kite - Sierra Trading Lakewood,unknown,"Photo Nov 11 2025, 1 36 36 PM","Photo Nov 11 2025, 1 36 36 PM",unknown,other,"/Volumes/TCL_DATA 1TB/TCL Partners Dropbox/TCL Partners Dropbox/TCL_Server/_Estimates/Kite - Sierra Trading Lakewood/photos/Photo Nov 11 2025, 1 36 36 PM.jpg",TBD,.jpg,2738115,unparsed,"photos/Photo Nov 11 2025, 1 36 36 PM.jpg",UNKNOWN
Kite - Sierra Trading Lakewood,unknown,"Photo Nov 11 2025, 1 36 39 PM","Photo Nov 11 2025, 1 36 39 PM",unknown,other,"/Volumes/TCL_DATA 1TB/TCL Partners Dropbox/TCL Partners Dropbox/TCL_Server/_Estimates/Kite - Sierra Trading Lakewood/photos/Photo Nov 11 2025, 1 36 39 PM.jpg",TBD,.jpg,1743433,unparsed,"photos/Photo Nov 11 2025, 1 36 39 PM.jpg",UNKNOWN
Kite - Sierra Trading Lakewood,unknown,"Photo Nov 11 2025, 1 36 41 PM","Photo Nov 11 2025, 1 36 41 PM",unknown,other,"/Volumes/TCL_DATA 1TB/TCL Partners Dropbox/TCL Partners Dropbox/TCL_Server/_Estimates/Kite - Sierra Trading Lakewood/photos/Photo Nov 11 2025, 1 36 41 PM.jpg",TBD,.jpg,2720736,unparsed,"photos/Photo Nov 11 2025, 1 36 41 PM.jpg",UNKNOWN
Kite - Sierra Trading Lakewood,unknown,"Photo Nov 11 2025, 1 36 57 PM","Photo Nov 11 2025, 1 36 57 PM",unknown,other,"/Volumes/TCL_DATA 1TB/TCL Partners Dropbox/TCL Partners Dropbox/TCL_Server/_Estimates/Kite - Sierra Trading Lakewood/photos/Photo Nov 11 2025, 1 36 57 PM.jpg",TBD,.jpg,2472615,unparsed,"photos/Photo Nov 11 2025, 1 36 57 PM.jpg",UNKNOWN
Kite - Sierra Trading Lakewood,unknown,"Photo Nov 11 2025, 1 36 59 PM","Photo Nov 11 2025, 1 36 59 PM",unknown,other,"/Volumes/TCL_DATA 1TB/TCL Partners Dropbox/TCL Partners Dropbox/TCL_Server/_Estimates/Kite - Sierra Trading Lakewood/photos/Photo Nov 11 2025, 1 36 59 PM.jpg",TBD,.jpg,2769085,unparsed,"photos/Photo Nov 11 2025, 1 36 59 PM.jpg",UNKNOWN
Kite - Sierra Trading Lakewood,unknown,"Photo Nov 11 2025, 1 37 03 PM","Photo Nov 11 2025, 1 37 03 PM",unknown,other,"/Volumes/TCL_DATA 1TB/TCL Partners Dropbox/TCL Partners Dropbox/TCL_Server/_Estimates/Kite - Sierra Trading Lakewood/photos/Photo Nov 11 2025, 1 37 03 PM.jpg",TBD,.jpg,2332451,unparsed,"photos/Photo Nov 11 2025, 1 37 03 PM.jpg",UNKNOWN
Kite - Sierra Trading Lakewood,unknown,"Photo Nov 11 2025, 1 37 05 PM","Photo Nov 11 2025, 1 37 05 PM",unknown,other,"/Volumes/TCL_DATA 1TB/TCL Partners Dropbox/TCL Partners Dropbox/TCL_Server/_Estimates/Kite - Sierra Trading Lakewood/photos/Photo Nov 11 2025, 1 37 05 PM.jpg",TBD,.jpg,2507624,unparsed,"photos/Photo Nov 11 2025, 1 37 05 PM.jpg",UNKNOWN
Kite - Sierra Trading Lakewood,unknown,"Photo Nov 11 2025, 1 37 13 PM","Photo Nov 11 2025, 1 37 13 PM",unknown,other,"/Volumes/TCL_DATA 1TB/TCL Partners Dropbox/TCL Partners Dropbox/TCL_Server/_Estimates/Kite - Sierra Trading Lakewood/photos/Photo Nov 11 2025, 1 37 13 PM.jpg",TBD,.jpg,2712667,unparsed,"photos/Photo Nov 11 2025, 1 37 13 PM.jpg",UNKNOWN
Kite - Sierra Trading Lakewood,unknown,"Photo Nov 11 2025, 1 37 16 PM","Photo Nov 11 2025, 1 37 16 PM",unknown,other,"/Volumes/TCL_DATA 1TB/TCL Partners Dropbox/TCL Partners Dropbox/TCL_Server/_Estimates/Kite - Sierra Trading Lakewood/photos/Photo Nov 11 2025, 1 37 16 PM.jpg",TBD,.jpg,2361808,unparsed,"photos/Photo Nov 11 2025, 1 37 16 PM.jpg",UNKNOWN
Kite - Sierra Trading Lakewood,unknown,"Photo Nov 11 2025, 1 37 23 PM","Photo Nov 11 2025, 1 37 23 PM",unknown,other,"/Volumes/TCL_DATA 1TB/TCL Partners Dropbox/TCL Partners Dropbox/TCL_Server/_Estimates/Kite - Sierra Trading Lakewood/photos/Photo Nov 11 2025, 1 37 23 PM.jpg",TBD,.jpg,3227377,unparsed,"photos/Photo Nov 11 2025, 1 37 23 PM.jpg",UNKNOWN
Kite - Sierra Trading Lakewood,unknown,"Photo Nov 11 2025, 1 37 25 PM","Photo Nov 11 2025, 1 37 25 PM",unknown,other,"/Volumes/TCL_DATA 1TB/TCL Partners Dropbox/TCL Partners Dropbox/TCL_Server/_Estimates/Kite - Sierra Trading Lakewood/photos/Photo Nov 11 2025, 1 37 25 PM.jpg",TBD,.jpg,2624231,unparsed,"photos/Photo Nov 11 2025, 1 37 25 PM.jpg",UNKNOWN
Kite - Sierra Trading Lakewood,unknown,"Photo Nov 11 2025, 1 37 29 PM","Photo Nov 11 2025, 1 37 29 PM",unknown,other,"/Volumes/TCL_DATA 1TB/TCL Partners Dropbox/TCL Partners Dropbox/TCL_Server/_Estimates/Kite - Sierra Trading Lakewood/photos/Photo Nov 11 2025, 1 37 29 PM.jpg",TBD,.jpg,2714153,unparsed,"photos/Photo Nov 11 2025, 1 37 29 PM.jpg",UNKNOWN
Kite - Sierra Trading Lakewood,unknown,"Photo Nov 11 2025, 1 37 34 PM","Photo Nov 11 2025, 1 37 34 PM",unknown,other,"/Volumes/TCL_DATA 1TB/TCL Partners Dropbox/TCL Partners Dropbox/TCL_Server/_Estimates/Kite - Sierra Trading Lakewood/photos/Photo Nov 11 2025, 1 37 34 PM.jpg",TBD,.jpg,2715915,unparsed,"photos/Photo Nov 11 2025, 1 37 34 PM.jpg",UNKNOWN
Kite - Sierra Trading Lakewood,unknown,"Photo Nov 11 2025, 1 37 37 PM","Photo Nov 11 2025, 1 37 37 PM",unknown,other,"/Volumes/TCL_DATA 1TB/TCL Partners Dropbox/TCL Partners Dropbox/TCL_Server/_Estimates/Kite - Sierra Trading Lakewood/photos/Photo Nov 11 2025, 1 37 37 PM.jpg",TBD,.jpg,2913315,unparsed,"photos/Photo Nov 11 2025, 1 37 37 PM.jpg",UNKNOWN
Kite - Sierra Trading Lakewood,unknown,"Photo Nov 11 2025, 1 37 41 PM","Photo Nov 11 2025, 1 37 41 PM",unknown,other,"/Volumes/TCL_DATA 1TB/TCL Partners Dropbox/TCL Partners Dropbox/TCL_Server/_Estimates/Kite - Sierra Trading Lakewood/photos/Photo Nov 11 2025, 1 37 41 PM.jpg",TBD,.jpg,2738370,unparsed,"photos/Photo Nov 11 2025, 1 37 41 PM.jpg",UNKNOWN
Kite - Sierra Trading Lakewood,unknown,"Photo Nov 11 2025, 1 37 45 PM","Photo Nov 11 2025, 1 37 45 PM",unknown,other,"/Volumes/TCL_DATA 1TB/TCL Partners Dropbox/TCL Partners Dropbox/TCL_Server/_Estimates/Kite - Sierra Trading Lakewood/photos/Photo Nov 11 2025, 1 37 45 PM.jpg",TBD,.jpg,2336157,unparsed,"photos/Photo Nov 11 2025, 1 37 45 PM.jpg",UNKNOWN
Kite - Sierra Trading Lakewood,unknown,"Photo Nov 11 2025, 1 37 49 PM","Photo Nov 11 2025, 1 37 49 PM",unknown,other,"/Volumes/TCL_DATA 1TB/TCL Partners Dropbox/TCL Partners Dropbox/TCL_Server/_Estimates/Kite - Sierra Trading Lakewood/photos/Photo Nov 11 2025, 1 37 49 PM.jpg",TBD,.jpg,2256291,unparsed,"photos/Photo Nov 11 2025, 1 37 49 PM.jpg",UNKNOWN
Kite - Sierra Trading Lakewood,unknown,"Photo Nov 11 2025, 1 37 55 PM","Photo Nov 11 2025, 1 37 55 PM",unknown,other,"/Volumes/TCL_DATA 1TB/TCL Partners Dropbox/TCL Partners Dropbox/TCL_Server/_Estimates/Kite - Sierra Trading Lakewood/photos/Photo Nov 11 2025, 1 37 55 PM.jpg",TBD,.jpg,2653238,unparsed,"photos/Photo Nov 11 2025, 1 37 55 PM.jpg",UNKNOWN
Kite - Sierra Trading Lakewood,unknown,"Photo Nov 11 2025, 1 37 58 PM","Photo Nov 11 2025, 1 37 58 PM",unknown,other,"/Volumes/TCL_DATA 1TB/TCL Partners Dropbox/TCL Partners Dropbox/TCL_Server/_Estimates/Kite - Sierra Trading Lakewood/photos/Photo Nov 11 2025, 1 37 58 PM.jpg",TBD,.jpg,2680394,unparsed,"photos/Photo Nov 11 2025, 1 37 58 PM.jpg",UNKNOWN
Kite - Sierra Trading Lakewood,unknown,"Photo Nov 11 2025, 1 38 02 PM","Photo Nov 11 2025, 1 38 02 PM",unknown,other,"/Volumes/TCL_DATA 1TB/TCL Partners Dropbox/TCL Partners Dropbox/TCL_Server/_Estimates/Kite - Sierra Trading Lakewood/photos/Photo Nov 11 2025, 1 38 02 PM.jpg",TBD,.jpg,2519638,unparsed,"photos/Photo Nov 11 2025, 1 38 02 PM.jpg",UNKNOWN
Kite - Sierra Trading Lakewood,unknown,"Photo Nov 11 2025, 1 38 07 PM","Photo Nov 11 2025, 1 38 07 PM",unknown,other,"/Volumes/TCL_DATA 1TB/TCL Partners Dropbox/TCL Partners Dropbox/TCL_Server/_Estimates/Kite - Sierra Trading Lakewood/photos/Photo Nov 11 2025, 1 38 07 PM.jpg",TBD,.jpg,2631000,unparsed,"photos/Photo Nov 11 2025, 1 38 07 PM.jpg",UNKNOWN
Kite - Sierra Trading Lakewood,unknown,"Photo Nov 11 2025, 1 38 09 PM","Photo Nov 11 2025, 1 38 09 PM",unknown,other,"/Volumes/TCL_DATA 1TB/TCL Partners Dropbox/TCL Partners Dropbox/TCL_Server/_Estimates/Kite - Sierra Trading Lakewood/photos/Photo Nov 11 2025, 1 38 09 PM.jpg",TBD,.jpg,2458648,unparsed,"photos/Photo Nov 11 2025, 1 38 09 PM.jpg",UNKNOWN
Kite - Sierra Trading Lakewood,unknown,"Photo Nov 11 2025, 1 38 11 PM","Photo Nov 11 2025, 1 38 11 PM",unknown,other,"/Volumes/TCL_DATA 1TB/TCL Partners Dropbox/TCL Partners Dropbox/TCL_Server/_Estimates/Kite - Sierra Trading Lakewood/photos/Photo Nov 11 2025, 1 38 11 PM.jpg",TBD,.jpg,2377764,unparsed,"photos/Photo Nov 11 2025, 1 38 11 PM.jpg",UNKNOWN
Kite - Sierra Trading Lakewood,unknown,"Photo Nov 11 2025, 1 38 15 PM","Photo Nov 11 2025, 1 38 15 PM",unknown,other,"/Volumes/TCL_DATA 1TB/TCL Partners Dropbox/TCL Partners Dropbox/TCL_Server/_Estimates/Kite - Sierra Trading Lakewood/photos/Photo Nov 11 2025, 1 38 15 PM.jpg",TBD,.jpg,2854440,unparsed,"photos/Photo Nov 11 2025, 1 38 15 PM.jpg",UNKNOWN
Kite - Sierra Trading Lakewood,unknown,"Photo Nov 11 2025, 1 38 18 PM","Photo Nov 11 2025, 1 38 18 PM",unknown,other,"/Volumes/TCL_DATA 1TB/TCL Partners Dropbox/TCL Partners Dropbox/TCL_Server/_Estimates/Kite - Sierra Trading Lakewood/photos/Photo Nov 11 2025, 1 38 18 PM.jpg",TBD,.jpg,2849427,unparsed,"photos/Photo Nov 11 2025, 1 38 18 PM.jpg",UNKNOWN
Kite - Sierra Trading Lakewood,unknown,"Photo Nov 11 2025, 1 38 24 PM","Photo Nov 11 2025, 1 38 24 PM",unknown,other,"/Volumes/TCL_DATA 1TB/TCL Partners Dropbox/TCL Partners Dropbox/TCL_Server/_Estimates/Kite - Sierra Trading Lakewood/photos/Photo Nov 11 2025, 1 38 24 PM.jpg",TBD,.jpg,3466793,unparsed,"photos/Photo Nov 11 2025, 1 38 24 PM.jpg",UNKNOWN
Kite - Sierra Trading Lakewood,unknown,"Photo Nov 11 2025, 1 38 26 PM","Photo Nov 11 2025, 1 38 26 PM",unknown,other,"/Volumes/TCL_DATA 1TB/TCL Partners Dropbox/TCL Partners Dropbox/TCL_Server/_Estimates/Kite - Sierra Trading Lakewood/photos/Photo Nov 11 2025, 1 38 26 PM.jpg",TBD,.jpg,3061600,unparsed,"photos/Photo Nov 11 2025, 1 38 26 PM.jpg",UNKNOWN
Kite - Sierra Trading Lakewood,unknown,"Photo Nov 11 2025, 1 38 29 PM","Photo Nov 11 2025, 1 38 29 PM",unknown,other,"/Volumes/TCL_DATA 1TB/TCL Partners Dropbox/TCL Partners Dropbox/TCL_Server/_Estimates/Kite - Sierra Trading Lakewood/photos/Photo Nov 11 2025, 1 38 29 PM.jpg",TBD,.jpg,2440870,unparsed,"photos/Photo Nov 11 2025, 1 38 29 PM.jpg",UNKNOWN
Kite - Sierra Trading Lakewood,unknown,"Photo Nov 11 2025, 1 38 32 PM","Photo Nov 11 2025, 1 38 32 PM",unknown,other,"/Volumes/TCL_DATA 1TB/TCL Partners Dropbox/TCL Partners Dropbox/TCL_Server/_Estimates/Kite - Sierra Trading Lakewood/photos/Photo Nov 11 2025, 1 38 32 PM.jpg",TBD,.jpg,2592352,unparsed,"photos/Photo Nov 11 2025, 1 38 32 PM.jpg",UNKNOWN
Kite - Sierra Trading Lakewood,unknown,"Photo Nov 11 2025, 1 38 34 PM","Photo Nov 11 2025, 1 38 34 PM",unknown,other,"/Volumes/TCL_DATA 1TB/TCL Partners Dropbox/TCL Partners Dropbox/TCL_Server/_Estimates/Kite - Sierra Trading Lakewood/photos/Photo Nov 11 2025, 1 38 34 PM.jpg",TBD,.jpg,2609990,unparsed,"photos/Photo Nov 11 2025, 1 38 34 PM.jpg",UNKNOWN
Kite - Sierra Trading Lakewood,unknown,"Photo Nov 11 2025, 1 38 38 PM","Photo Nov 11 2025, 1 38 38 PM",unknown,other,"/Volumes/TCL_DATA 1TB/TCL Partners Dropbox/TCL Partners Dropbox/TCL_Server/_Estimates/Kite - Sierra Trading Lakewood/photos/Photo Nov 11 2025, 1 38 38 PM.jpg",TBD,.jpg,2792343,unparsed,"photos/Photo Nov 11 2025, 1 38 38 PM.jpg",UNKNOWN
Kite - Sierra Trading Lakewood,unknown,"Photo Nov 11 2025, 1 38 44 PM","Photo Nov 11 2025, 1 38 44 PM",unknown,other,"/Volumes/TCL_DATA 1TB/TCL Partners Dropbox/TCL Partners Dropbox/TCL_Server/_Estimates/Kite - Sierra Trading Lakewood/photos/Photo Nov 11 2025, 1 38 44 PM.jpg",TBD,.jpg,2763552,unparsed,"photos/Photo Nov 11 2025, 1 38 44 PM.jpg",UNKNOWN
Kite - Sierra Trading Lakewood,unknown,"Photo Nov 11 2025, 1 38 49 PM","Photo Nov 11 2025, 1 38 49 PM",unknown,other,"/Volumes/TCL_DATA 1TB/TCL Partners Dropbox/TCL Partners Dropbox/TCL_Server/_Estimates/Kite - Sierra Trading Lakewood/photos/Photo Nov 11 2025, 1 38 49 PM.jpg",TBD,.jpg,2601872,unparsed,"photos/Photo Nov 11 2025, 1 38 49 PM.jpg",UNKNOWN
Kite - Sierra Trading Lakewood,unknown,"Photo Nov 11 2025, 1 38 53 PM","Photo Nov 11 2025, 1 38 53 PM",unknown,other,"/Volumes/TCL_DATA 1TB/TCL Partners Dropbox/TCL Partners Dropbox/TCL_Server/_Estimates/Kite - Sierra Trading Lakewood/photos/Photo Nov 11 2025, 1 38 53 PM.jpg",TBD,.jpg,1922193,unparsed,"photos/Photo Nov 11 2025, 1 38 53 PM.jpg",UNKNOWN
Kite - Sierra Trading Lakewood,unknown,"Photo Nov 11 2025, 1 39 02 PM","Photo Nov 11 2025, 1 39 02 PM",unknown,other,"/Volumes/TCL_DATA 1TB/TCL Partners Dropbox/TCL Partners Dropbox/TCL_Server/_Estimates/Kite - Sierra Trading Lakewood/photos/Photo Nov 11 2025, 1 39 02 PM.jpg",TBD,.jpg,2789088,unparsed,"photos/Photo Nov 11 2025, 1 39 02 PM.jpg",UNKNOWN
Kite - Sierra Trading Lakewood,unknown,"Photo Nov 11 2025, 1 39 19 PM","Photo Nov 11 2025, 1 39 19 PM",unknown,other,"/Volumes/TCL_DATA 1TB/TCL Partners Dropbox/TCL Partners Dropbox/TCL_Server/_Estimates/Kite - Sierra Trading Lakewood/photos/Photo Nov 11 2025, 1 39 19 PM.jpg",TBD,.jpg,2263699,unparsed,"photos/Photo Nov 11 2025, 1 39 19 PM.jpg",UNKNOWN
Kite - Sierra Trading Lakewood,unknown,"Photo Nov 11 2025, 1 39 25 PM","Photo Nov 11 2025, 1 39 25 PM",unknown,other,"/Volumes/TCL_DATA 1TB/TCL Partners Dropbox/TCL Partners Dropbox/TCL_Server/_Estimates/Kite - Sierra Trading Lakewood/photos/Photo Nov 11 2025, 1 39 25 PM.jpg",TBD,.jpg,2739972,unparsed,"photos/Photo Nov 11 2025, 1 39 25 PM.jpg",UNKNOWN
Kite - Sierra Trading Lakewood,unknown,"Photo Nov 11 2025, 1 41 50 PM","Photo Nov 11 2025, 1 41 50 PM",unknown,other,"/Volumes/TCL_DATA 1TB/TCL Partners Dropbox/TCL Partners Dropbox/TCL_Server/_Estimates/Kite - Sierra Trading Lakewood/photos/Photo Nov 11 2025, 1 41 50 PM.jpg",TBD,.jpg,2709722,unparsed,"photos/Photo Nov 11 2025, 1 41 50 PM.jpg",UNKNOWN
Kite - Sierra Trading Lakewood,unknown,Scope doc Draft,Scope doc Draft,unknown,other,/Volumes/TCL_DATA 1TB/TCL Partners Dropbox/TCL Partners Dropbox/TCL_Server/_Estimates/Kite - Sierra Trading Lakewood/Scope doc Draft.docx,TBD,.docx,101976,unparsed,Scope doc Draft.docx,UNKNOWN
Kite - Sierra Trading Lakewood,unknown,Scope doc R1,Scope doc R1,unknown,other,/Volumes/TCL_DATA 1TB/TCL Partners Dropbox/TCL Partners Dropbox/TCL_Server/_Estimates/Kite - Sierra Trading Lakewood/Scope doc R1.docx,TBD,.docx,104408,unparsed,Scope doc R1.docx,UNKNOWN
Kite - Sierra Trading Lakewood,unknown,State Mechanical,State Mechanical,unknown,other,/Volumes/TCL_DATA 1TB/TCL Partners Dropbox/TCL Partners Dropbox/TCL_Server/_Estimates/Kite - Sierra Trading Lakewood/Sub Bids/State Mechanical.doc,TBD,.doc,37888,unparsed,Sub Bids/State Mechanical.doc,UNKNOWN
Kite - Sierra Trading Lakewood,unknown,State R1,State R1,unknown,other,/Volumes/TCL_DATA 1TB/TCL Partners Dropbox/TCL Partners Dropbox/TCL_Server/_Estimates/Kite - Sierra Trading Lakewood/Sub Bids/State R1.doc,TBD,.doc,39424,unparsed,Sub Bids/State R1.doc,UNKNOWN
Kite - Sierra Trading Lakewood,unknown,TCL List,TCL List,unknown,other,/Volumes/TCL_DATA 1TB/TCL Partners Dropbox/TCL Partners Dropbox/TCL_Server/_Estimates/Kite - Sierra Trading Lakewood/TCL Bid List .xls,TBD,.xls,319488,unparsed,TCL Bid List .xls,UNKNOWN
